<?xml version="1.0" encoding="UTF-8"?>
<project name="mathpractice" default="all">
  
  
  <property file="mathpractice.properties"/>
  <!-- Uncomment the following property if no tests compilation is needed -->
  <!-- 
  <property name="skip.tests" value="true"/>
   -->
  
  <!-- Compiler options -->
  
  <property name="compiler.debug" value="on"/>
  <property name="compiler.generate.no.warnings" value="off"/>
  <property name="compiler.args" value=""/>
  <property name="compiler.max.memory" value="700m"/>
  <patternset id="ignored.files">
    <exclude name="**/*.hprof/**"/>
    <exclude name="**/*.pyc/**"/>
    <exclude name="**/*.pyo/**"/>
    <exclude name="**/*.rbc/**"/>
    <exclude name="**/*.yarb/**"/>
    <exclude name="**/*~/**"/>
    <exclude name="**/.DS_Store/**"/>
    <exclude name="**/.git/**"/>
    <exclude name="**/.hg/**"/>
    <exclude name="**/.svn/**"/>
    <exclude name="**/CVS/**"/>
    <exclude name="**/__pycache__/**"/>
    <exclude name="**/_svn/**"/>
    <exclude name="**/vssver.scc/**"/>
    <exclude name="**/vssver2.scc/**"/>
  </patternset>
  <patternset id="library.patterns">
    <include name="*.war"/>
    <include name="*.swc"/>
    <include name="*.zip"/>
    <include name="*.egg"/>
    <include name="*.ane"/>
    <include name="*.jar"/>
    <include name="*.ear"/>
  </patternset>
  <patternset id="compiler.resources">
    <exclude name="**/?*.java"/>
    <exclude name="**/?*.form"/>
    <exclude name="**/?*.class"/>
    <exclude name="**/?*.groovy"/>
    <exclude name="**/?*.scala"/>
    <exclude name="**/?*.flex"/>
    <exclude name="**/?*.kt"/>
    <exclude name="**/?*.clj"/>
    <exclude name="**/?*.aj"/>
  </patternset>
  
  <!-- JDK definitions -->
  
  <property name="project.jdk.home" value="${jdk.home.python_3.6}"/>
  <property name="project.jdk.bin" value="${jdk.bin.python_3.6}"/>
  <property name="project.jdk.classpath" value="jdk.classpath.python_3.6"/>
  
  
  <!-- Global Libraries -->
  <!-- Register Custom Compiler Taskdefs -->
  <property name="javac2.home" value="${idea.home}/lib"/>
  <path id="javac2.classpath">
    <fileset dir="${javac2.home}">
      <include name="javac2.jar"/>
      <include name="jdom.jar"/>
      <include name="asm-all*.jar"/>
      <include name="forms-*.jar"/>
    </fileset>
  </path>
  <target name="register.custom.compilers">
    <taskdef name="javac2" classname="com.intellij.ant.Javac2" classpathref="javac2.classpath"/>
    <taskdef name="instrumentIdeaExtensions" classname="com.intellij.ant.InstrumentIdeaExtensions" classpathref="javac2.classpath"/>
  </target>
  
  <!-- Modules -->
  
  <import file="${basedir}/module_mathpractice.xml"/>
  
  <target name="init" description="Build initialization">
    <!-- Perform any build initialization in this target -->
  </target>
  
  <target name="clean" depends="clean.module.mathpractice" description="cleanup all"/>
  
  <target name="build.modules" depends="init, clean, compile.module.mathpractice" description="build all modules"/>
  
  <target name="all" depends="build.modules" description="build all"/>
</project>