<?xml version="1.0" encoding="UTF-8"?>
<project name="module_mathpractice" default="compile.module.mathpractice">
  <dirname property="module.mathpractice.basedir" file="${ant.file.module_mathpractice}"/>
  
  <property name="module.jdk.home.mathpractice" value="${project.jdk.home}"/>
  <property name="module.jdk.bin.mathpractice" value="${project.jdk.bin}"/>
  <property name="module.jdk.classpath.mathpractice" value="${project.jdk.classpath}"/>
  
  <property name="compiler.args.mathpractice" value="-encoding UTF-8 -source 10 -target 10 ${compiler.args}"/>
  
  <property name="mathpractice.output.dir" value="${module.mathpractice.basedir}/out/production/MathPractice"/>
  <property name="mathpractice.testoutput.dir" value="${module.mathpractice.basedir}/out/test/MathPractice"/>
  
  <path id="mathpractice.module.bootclasspath">
    <!-- Paths to be included in compilation bootclasspath -->
  </path>
  
  <path id="mathpractice.module.production.classpath">
    <path refid="${module.jdk.classpath.mathpractice}"/>
  </path>
  
  <path id="mathpractice.runtime.production.module.classpath">
    <pathelement location="${mathpractice.output.dir}"/>
  </path>
  
  <path id="mathpractice.module.classpath">
    <path refid="${module.jdk.classpath.mathpractice}"/>
    <pathelement location="${mathpractice.output.dir}"/>
  </path>
  
  <path id="mathpractice.runtime.module.classpath">
    <pathelement location="${mathpractice.testoutput.dir}"/>
    <pathelement location="${mathpractice.output.dir}"/>
  </path>
  
  
  <patternset id="excluded.from.module.mathpractice">
    <patternset refid="ignored.files"/>
  </patternset>
  
  <patternset id="excluded.from.compilation.mathpractice">
    <patternset refid="excluded.from.module.mathpractice"/>
  </patternset>
  
  
  <target name="compile.module.mathpractice" depends="compile.module.mathpractice.production,compile.module.mathpractice.tests" description="Compile module MathPractice"/>
  
  <target name="compile.module.mathpractice.production" depends="register.custom.compilers" description="Compile module MathPractice; production classes"/>
  
  <target name="compile.module.mathpractice.tests" depends="register.custom.compilers,compile.module.mathpractice.production" description="compile module MathPractice; test classes" unless="skip.tests"/>
  
  <target name="clean.module.mathpractice" description="cleanup module">
    <delete dir="${mathpractice.output.dir}"/>
    <delete dir="${mathpractice.testoutput.dir}"/>
  </target>
</project>